Building,Room,Type,Size,Affiliation,Theme
1901,101,TRIPLE,444,Upperclass,
1901,102,DOUBLE,335,Upperclass,
1901,103,SINGLE,155,Upperclass,
1901,104,TRIPLE,404,Upperclass,
1901,105,SINGLE,142,Upperclass,
1901,111,SINGLE,122,Upperclass,
1901,112,DOUBLE,402,Upperclass,
1901,113,SINGLE,194,Upperclass,
1901,114,SINGLE,191,Upperclass,
1901,115,DOUBLE,380,Upperclass,
1901,116,SINGLE,183,Upperclass,
1901,117,DOUBLE,370,Upperclass,
1901,118,TRIPLE,427,Upperclass,
1901,119,DOUBLE,337,Upperclass,
1901,121,SINGLE,122,Upperclass,
1901,122,QUAD,503,Upperclass,
1901,123,QUAD,502,Upperclass,
1901,124,DOUBLE,336,Upperclass,
1901,125,QUAD,498,Upperclass,
1901,126,SINGLE,167,Upperclass,
1901,131,QUAD,482,Upperclass,
1901,132,SINGLE,219,Upperclass,
1901,133,TRIPLE,415,Upperclass,
1901,141,QUAD,799,Upperclass,
1901,201,SINGLE,173,Upperclass,
1901,202,DOUBLE,375,Upperclass,
1901,203,DOUBLE,345,Upperclass,
1901,212,TRIPLE,378,Upperclass,
1901,213,SINGLE,144,Upperclass,
1901,214,SINGLE,153,Upperclass,
1901,215,DOUBLE,349,Upperclass,
1901,221,DOUBLE,331,Upperclass,
1901,222,SINGLE,87,Upperclass,
1901,222A,SINGLE,92,Upperclass,
1901,223,SINGLE,157,Upperclass,
1901,223A,SINGLE,129,Upperclass,
1901,224,SINGLE,148,Upperclass,
1901,225,SINGLE,145,Upperclass,
1901,226,SINGLE,139,Upperclass,
1901,232,SINGLE,139,Upperclass,
1901,233,SINGLE,174,Upperclass,
1901,234,SINGLE,156,Upperclass,
1901,235,SINGLE,176,Upperclass,
1901,311,DOUBLE,363,Upperclass,
1901,312,DOUBLE,355,Upperclass,
1901,313,DOUBLE,364,Upperclass,
1901,314,SINGLE,185,Upperclass,
1901,321,SINGLE,128,Upperclass,
1901,322,DOUBLE,296,Upperclass,
1901,323,SINGLE,190,Upperclass,
1901,324,DOUBLE,246,Upperclass,
1901,325,SINGLE,160,Upperclass,
1901,331,QUAD,686,Upperclass,
1901,332,SINGLE,119,Upperclass,
1901,333,SINGLE,144,Upperclass,
1901,334,SINGLE,142,Upperclass,
1901,335,SINGLE,158,Upperclass,
1901,401,SINGLE,154,Upperclass,
1901,402,SINGLE,186,Upperclass,
1901,403,TRIPLE,414,Upperclass,
1901,404,SINGLE,190,Upperclass,
1901,405,SINGLE,196,Upperclass,
1901,411,TRIPLE,839,Upperclass,
1901,413,TRIPLE,459,Upperclass,
1901,421,DOUBLE,351,Upperclass,
1901,431,DOUBLE,330,Upperclass,
1901,441,DOUBLE,372,Upperclass,
1903,111,SINGLE,170,Upperclass,Independent
1903,112,SINGLE,204,Upperclass,Independent
1903,114,SINGLE,162,Upperclass,
1903,121,SINGLE,173,Upperclass,Independent
1903,123,QUAD,503,Upperclass,Independent
1903,124,SINGLE,174,Upperclass,
1903,125,SINGLE,179,Upperclass,
1903,126,SINGLE,165,Upperclass,Independent
1903,131,SINGLE,184,Upperclass,Independent
1903,132,DOUBLE,318,Upperclass,Independent
1903,133,SINGLE,233,Upperclass,Independent
1903,134,SINGLE,172,Upperclass,Independent
1903,135,SINGLE,131,Upperclass,Independent
1903,136,SINGLE,166,Upperclass,Independent
1903,141,DOUBLE,378,Upperclass,
1903,142,SINGLE,165,Upperclass,
1903,143,SINGLE,185,Upperclass,
1903,211,SINGLE,176,Upperclass,Independent
1903,212,SINGLE,205,Upperclass,Independent
1903,213,DOUBLE,252,Upperclass,Independent
1903,214,SINGLE,234,Upperclass,
1903,215,SINGLE,185,Upperclass,
1903,216,SINGLE,206,Upperclass,
1903,221,SINGLE,176,Upperclass,
1903,222,SINGLE,178,Upperclass,
1903,225,SINGLE,177,Upperclass,
1903,226,TRIPLE,433,Upperclass,
1903,227,SINGLE,185,Upperclass,
1903,228,SINGLE,196,Upperclass,
1903,231,SINGLE,182,Upperclass,
1903,232,SINGLE,128,Upperclass,
1903,233,SINGLE,140,Upperclass,
1903,235,SINGLE,149,Upperclass,
1903,236,QUAD,521,Upperclass,
1903,237,DOUBLE,449,Upperclass,
1903,241,SINGLE,216,Upperclass,
1903,242,SINGLE,157,Upperclass,
1903,243,SINGLE,214,Upperclass,
1903,244,DOUBLE,342,Upperclass,
1903,311,TRIPLE,396,Upperclass,
1903,312,SINGLE,172,Upperclass,
1903,313,SINGLE,176,Upperclass,
1903,314,TRIPLE,394,Upperclass,
1903,321,TRIPLE,393,Upperclass,
1903,322,SINGLE,175,Upperclass,
1903,323,SINGLE,175,Upperclass,
1903,324,TRIPLE,389,Upperclass,
1903,332,SINGLE,185,Upperclass,
1903,333,SINGLE,138,Upperclass,
1903,334,SINGLE,124,Upperclass,
1903,401,TRIPLE,593,Upperclass,
1903,402,SINGLE,217,Upperclass,
1903,411,SINGLE,166,Upperclass,
1903,413,TRIPLE,557,Upperclass,
1903,414,SINGLE,203,Upperclass,
1903,422,DOUBLE,495,Upperclass,
1903,431,SINGLE,171,Upperclass,
1903,432,DOUBLE,332,Upperclass,
1903,433,SINGLE,179,Upperclass,
1903,501,QUAD,538,Upperclass,
1903,502,DOUBLE,292,Upperclass,
1903,503,SINGLE,158,Upperclass,
1903,504,DOUBLE,309,Upperclass,
1903,511,SINGLE,175,Upperclass,
1903,512,TRIPLE,424,Upperclass,
1903,513,SINGLE,176,Upperclass,
1903,514,SINGLE,163,Upperclass,
1903,515,DOUBLE,369,Upperclass,
1903,516,SINGLE,187,Upperclass,
1903,517,SINGLE,202,Upperclass,
1903,521,SINGLE,163,Upperclass,
1903,522,SINGLE,230,Upperclass,
1903,523,SINGLE,105,Upperclass,
1903,523A,SINGLE,235,Upperclass,
1903,524,SINGLE,177,Upperclass,
1903,525,DOUBLE,314,Upperclass,
1903,528,SINGLE,194,Upperclass,
1903,531,SINGLE,207,Upperclass,
1903,532,SINGLE,216,Upperclass,
1903,533,SINGLE,112,Upperclass,
1903,534,SINGLE,119,Upperclass,
1903,535,TRIPLE,486,Upperclass,
1915,411,SINGLE,161,Butler,
1915,412,SINGLE,160,Butler,
1915,413,SINGLE,144,Butler,
1915,414,SINGLE,146,Butler,
1915,415,SINGLE,153,Butler,
1915,421,SINGLE,160,Butler,
1915,422,SINGLE,159,Butler,
1915,423,SINGLE,144,Butler,
1915,424,SINGLE,148,Butler,
1915,425,SINGLE,153,Butler,
1915,511,SINGLE,154,Butler,
1915,512,SINGLE,145,Butler,
1915,513,SINGLE,147,Butler,
1915,514,SINGLE,154,Butler,
1915,521,SINGLE,153,Butler,
1915,522,SINGLE,145,Butler,
1915,523,SINGLE,147,Butler,
1915,524,SINGLE,154,Butler,
1915,611,SINGLE,153,Butler,
1915,612,SINGLE,142,Butler,
1915,613,SINGLE,142,Butler,
1915,614,SINGLE,156,Butler,
1915,615,SINGLE,161,Butler,
1915,621,SINGLE,153,Butler,
1915,622,SINGLE,144,Butler,
1915,623,SINGLE,142,Butler,
1915,624,SINGLE,159,Butler,
1915,625,SINGLE,161,Butler,
1927,111,QUAD,613,First,
1927,112,QUAD,614,First,
1927,121,QUAD,605,First,
1927,122,QUAD,630,First,
1927,131,6PERSON,865,First,
1927,132,6PERSON,844,First,
1927,133,DOUBLE,200,First,
1927,135,QUAD,508,First,
1937,103,SINGLE,125,First,
1937,104,SINGLE,131,First,
1937,105,SINGLE,115,First,
1937,121,6PERSON,887,First,
1937,125,SINGLE,118,First,
1937,126,SINGLE,119,First,
1937,131,6PERSON,889,First,
1937,201,SINGLE,150,First,
1937,202,SINGLE,130,First,
1937,203,SINGLE,116,First,
1937,204,SINGLE,137,First,
1937,205,SINGLE,121,First,
1937,206,SINGLE,128,First,
1937,214,SINGLE,117,First,
1937,215,SINGLE,117,First,
1937,216,SINGLE,145,First,
1937,226,SINGLE,141,First,
1938,112,SINGLE,145,First,
1938,113,SINGLE,118,First,
1938,121,8PERSON,1155,First,
1938,131,8PERSON,1149,First,
1938,132,QUAD,605,First,
1938,211,7PERSON,1146,First,
1938,212,SINGLE,144,First,
1938,213,SINGLE,142,First,
1938,214,SINGLE,156,First,
1938,215,SINGLE,164,First,
1938,222,SINGLE,151,First,
1938,225,SINGLE,163,First,
1938,233,SINGLE,134,First,
1938,234,SINGLE,149,First,
1938,235,DOUBLE,250,First,
1939,115,SINGLE,163,First,
1939,125,SINGLE,119,First,
1939,126,SINGLE,145,First,
1939,222,SINGLE,141,First,
1939,225,SINGLE,114,First,
1939,226,SINGLE,119,First,
1939,228,QUAD,620,First,
1939,232,SINGLE,158,First,
1939,233,SINGLE,117,First,
1939,234,DOUBLE,229,First,
1939,331,9PERSON,1665,First,
1939,335,SINGLE,148,First,
1939,337,SINGLE,150,First,
1939,338,SINGLE,118,First,
1939,339,SINGLE,118,First,
1939,340,SINGLE,118,First,
1939,341,SINGLE,115,First,
1939,342,SINGLE,118,First,
1976,D104,SINGLE,219,Butler,
1976,D106,QUAD,538,Butler,
1976,D112,QUAD,571,Butler,
1976,D114,SINGLE,202,Butler,
1976,D204,SINGLE,219,Butler,
1976,D210,QUAD,580,Butler,
1976,D212,QUAD,571,Butler,
1976,D214,SINGLE,139,Butler,
1976,D216,SINGLE,140,Butler,
1976,D304,SINGLE,219,Butler,
1976,D306,QUAD,564,Butler,
1976,D312,QUAD,571,Butler,
1976,D314,SINGLE,139,Butler,
1976,D316,SINGLE,140,Butler,
1981,F007,SINGLE,107,Whitman,
1981,F015,SINGLE,144,Whitman,
1981,F016,SINGLE,118,Whitman,
1981,F017,SINGLE,150,Whitman,
1981,F018,QUAD,466,Whitman,
1981,F019,DOUBLE,232,Whitman,
1981,F023,SINGLE,147,Whitman,
1981,F024,SINGLE,115,Whitman,
1981,F025,SINGLE,147,Whitman,
1981,F026,SINGLE,130,Whitman,
1981,F027,SINGLE,164,Whitman,
1981,F101,SINGLE,149,Whitman,
1981,F102,SINGLE,159,Whitman,
1981,F103,QUAD,484,Whitman,
1981,F104,SINGLE,170,Whitman,
1981,F105,QUAD,475,Whitman,
1981,F107,SINGLE,131,Whitman,
1981,F113,QUAD,465,Whitman,
1981,F114,SINGLE,101,Whitman,
1981,F116,QUAD,465,Whitman,
1981,F117,QUAD,466,Whitman,
1981,F121,SINGLE,147,Whitman,
1981,F123,QUAD,702,Whitman,
1981,F201,QUAD,1115,Whitman,
1981,F212,SINGLE,119,Whitman,
1981,F225,SINGLE,147,Whitman,
1981,F226,SINGLE,114,Whitman,
1981,F227,SINGLE,147,Whitman,
1981,F228,SINGLE,117,Whitman,
1981,F301,QUAD,1020,Whitman,
1981,F302,DOUBLE,288,Whitman,
1981,F303,SINGLE,177,Whitman,
99ALEXANDER,101,TRIPLE,417,Forbes,
BAKER,E002,DOUBLE,201,Whitman,
BAKER,E006,DOUBLE,142,Whitman,
BAKER,E008,DOUBLE,141,Whitman,
BAKER,E105,SINGLE,116,Whitman,
BAKER,E108,SINGLE,144,Whitman,
BAKER,E109,SINGLE,144,Whitman,
BAKER,E113,SINGLE,220,Whitman,
BAKER,E118,SINGLE,146,Whitman,
BAKER,E120,SINGLE,146,Whitman,
BAKER,E206,SINGLE,215,Whitman,
BAKER,E208,SINGLE,220,Whitman,
BAKER,E215,SINGLE,109,Whitman,
BAKER,E217,SINGLE,114,Whitman,
BAKER,E221,SINGLE,145,Whitman,
BAKER,E224,SINGLE,113,Whitman,
BAKER,E306,QUAD,465,Whitman,
BAKER,E308,SINGLE,144,Whitman,
BAKER,E309,SINGLE,146,Whitman,
BAKER,E310,SINGLE,113,Whitman,
BAKER,E321,SINGLE,145,Whitman,
BAKER,E323,SINGLE,135,Whitman,
BAKER,E404,SINGLE,126,Whitman,
BAKER,E405,SINGLE,121,Whitman,
BAKER,E406,SINGLE,126,Whitman,
BAKER,E407,SINGLE,149,Whitman,
BAKER,E408,SINGLE,126,Whitman,
BAKER,E409,SINGLE,128,Whitman,
BAKER,E410,SINGLE,124,Whitman,
BAKER,E411,SINGLE,133,Whitman,
BAKER,E412,SINGLE,147,Whitman,
BAKER,E413,SINGLE,128,Whitman,
BAKER,E415,SINGLE,128,Whitman,
BAKER,E416,SINGLE,133,Whitman,
BAKER,E417,SINGLE,128,Whitman,
BAKER,E418,SINGLE,138,Whitman,
BAKER,E421,SINGLE,133,Whitman,
BAKER,E429,SINGLE,119,Whitman,
BAKER,S002,QUAD,650,Whitman,
BAKER,S003,DOUBLE,261,Whitman,
BAKER,S102,QUAD,554,Whitman,
BAKER,S104,SINGLE,200,Whitman,
BAKER,S106,SINGLE,138,Whitman,
BAKER,S202,QUAD,558,Whitman,
BAKER,S203,SINGLE,193,Whitman,
BAKER,S205,SINGLE,195,Whitman,
BAKER,S206,SINGLE,137,Whitman,
BAKER,S302,QUAD,510,Whitman,
BAKER,S303,SINGLE,179,Whitman,
BAKER,S305,SINGLE,211,Whitman,
BAKER,S402,QUAD,485,Whitman,
BAKER,S403,SINGLE,128,Whitman,
BAKER,S404,SINGLE,109,Whitman,
BAKER,S405,SINGLE,131,Whitman,
BAKER,S406,SINGLE,109,Whitman,
BLAIR,45,SINGLE,101,Mathey,
BLAIR,51,QUAD,517,Mathey,
BLAIR,61,DOUBLE,277,Mathey,
BLAIR,65,QUAD,499,Mathey,
BLAIR,81,QUAD,501,Mathey,
BLAIR,82,QUAD,523,Mathey,
BLAIR,83,QUAD,504,Mathey,
BLAIR,84,DOUBLE,213,Mathey,
BLAIR,91,QUAD,504,Mathey,
BLAIR,92,DOUBLE,213,Mathey,
BLAIR,93,DOUBLE,271,Mathey,
BLAIR,95,QUAD,540,Mathey,
BLAIR,96,QUAD,603,Mathey,
BLAIR,97,QUAD,592,Mathey,
BLAIR,98,QUAD,573,Mathey,
BLAIR,301,QUAD,575,Mathey,
BLAIR,A02,SINGLE,160,Mathey,
BLAIR,B41,SINGLE,122,Mathey,
BLAIR,B42,DOUBLE,214,Mathey,
BLAIR,B51,SINGLE,138,Mathey,
BLAIR,B52,SINGLE,156,Mathey,
BLAIR,B53,SINGLE,147,Mathey,
BLAIR,B61,DOUBLE,248,Mathey,
BLAIR,B62,DOUBLE,225,Mathey,
BLAIR,B71,SINGLE,150,Mathey,
BLAIR,B72,SINGLE,145,Mathey,
BLAIR,B73,SINGLE,149,Mathey,
BLAIR,B81,SINGLE,143,Mathey,
BLAIR,B82,SINGLE,146,Mathey,
BLAIR,B83,SINGLE,149,Mathey,
BLAIR,B91,SINGLE,132,Mathey,
BLAIR,B92,QUAD,644,Mathey,
BLOOMBERG,112,TRIPLE,495,Butler,
BLOOMBERG,121,QUAD,758,Butler,
BLOOMBERG,124,SINGLE,170,Butler,
BLOOMBERG,132,QUAD,632,Butler,
BLOOMBERG,140,QUAD,680,Butler,
BLOOMBERG,175,DOUBLE,244,Butler,
BLOOMBERG,177,QUAD,708,Butler,
BLOOMBERG,181,QUAD,702,Butler,
BLOOMBERG,182,QUAD,585,Butler,
BLOOMBERG,191,QUAD,669,Butler,
BLOOMBERG,193,QUAD,710,Butler,
BLOOMBERG,226,SINGLE,145,Butler,
BLOOMBERG,227,SINGLE,132,Butler,
BLOOMBERG,229,SINGLE,131,Butler,
BLOOMBERG,269,SINGLE,156,Butler,
BLOOMBERG,270,SINGLE,134,Butler,
BLOOMBERG,271,SINGLE,133,Butler,
BLOOMBERG,274,SINGLE,132,Butler,
BLOOMBERG,275,SINGLE,155,Butler,
BLOOMBERG,276,SINGLE,134,Butler,
BLOOMBERG,277,SINGLE,154,Butler,
BLOOMBERG,278,SINGLE,136,Butler,
BLOOMBERG,279,SINGLE,139,Butler,
BLOOMBERG,281,QUAD,710,Butler,
BLOOMBERG,302,SINGLE,145,Butler,
BLOOMBERG,304,SINGLE,139,Butler,
BLOOMBERG,305,SINGLE,143,Butler,
BLOOMBERG,306,SINGLE,139,Butler,
BLOOMBERG,307,SINGLE,142,Butler,
BLOOMBERG,308,SINGLE,140,Butler,
BLOOMBERG,310,SINGLE,152,Butler,
BLOOMBERG,314,SINGLE,156,Butler,
BLOOMBERG,316,SINGLE,140,Butler,
BLOOMBERG,318,SINGLE,135,Butler,
BLOOMBERG,320,SINGLE,133,Butler,
BLOOMBERG,322,SINGLE,133,Butler,
BLOOMBERG,323,SINGLE,133,Butler,
BLOOMBERG,324,SINGLE,136,Butler,
BLOOMBERG,325,SINGLE,132,Butler,
BLOOMBERG,326,SINGLE,150,Butler,
BLOOMBERG,327,SINGLE,132,Butler,
BLOOMBERG,329,SINGLE,133,Butler,
BLOOMBERG,334,SINGLE,166,Butler,
BLOOMBERG,336,SINGLE,146,Butler,
BLOOMBERG,340,SINGLE,148,Butler,
BLOOMBERG,341,SINGLE,139,Butler,
BLOOMBERG,342,SINGLE,145,Butler,
BLOOMBERG,343,SINGLE,139,Butler,
BLOOMBERG,344,SINGLE,145,Butler,
BLOOMBERG,346,SINGLE,148,Butler,
BLOOMBERG,348,SINGLE,154,Butler,
BLOOMBERG,350,SINGLE,146,Butler,
BLOOMBERG,357,SINGLE,156,Butler,
BLOOMBERG,359,SINGLE,143,Butler,
BLOOMBERG,361,SINGLE,141,Butler,
BLOOMBERG,367,SINGLE,135,Butler,
BLOOMBERG,369,SINGLE,154,Butler,
BLOOMBERG,371,SINGLE,136,Butler,
BLOOMBERG,373,TRIPLE,531,Butler,
BLOOMBERG,374,SINGLE,132,Butler,
BLOOMBERG,376,SINGLE,135,Butler,
BLOOMBERG,381,QUAD,710,Butler,
BLOOMBERG,401,SINGLE,162,Butler,
BLOOMBERG,403,SINGLE,149,Butler,
BLOOMBERG,404,SINGLE,145,Butler,
BLOOMBERG,405,SINGLE,148,Butler,
BLOOMBERG,406,SINGLE,146,Butler,
BLOOMBERG,407,SINGLE,149,Butler,
BLOOMBERG,408,SINGLE,145,Butler,
BLOOMBERG,409,SINGLE,151,Butler,
BLOOMBERG,410,SINGLE,134,Butler,
BLOOMBERG,411,SINGLE,154,Butler,
BLOOMBERG,413,SINGLE,225,Butler,
BLOOMBERG,423,SINGLE,134,Butler,
BLOOMBERG,425,SINGLE,137,Butler,
BLOOMBERG,427,SINGLE,137,Butler,
BLOOMBERG,429,SINGLE,134,Butler,
BLOOMBERG,430,SINGLE,187,Butler,
BLOOMBERG,436,SINGLE,153,Butler,
BLOOMBERG,439,SINGLE,134,Butler,
BLOOMBERG,441,SINGLE,138,Butler,
BLOOMBERG,443,SINGLE,138,Butler,
BLOOMBERG,445,SINGLE,139,Butler,
BLOOMBERG,447,SINGLE,173,Butler,
BLOOMBERG,449,SINGLE,147,Butler,
BLOOMBERG,451,SINGLE,175,Butler,
BLOOMBERG,454,SINGLE,129,Butler,
BLOOMBERG,456,SINGLE,153,Butler,
BLOOMBERG,457,SINGLE,149,Butler,
BLOOMBERG,458,SINGLE,134,Butler,
BLOOMBERG,459,SINGLE,146,Butler,
BLOOMBERG,461,SINGLE,147,Butler,
BLOOMBERG,463,SINGLE,147,Butler,
BLOOMBERG,465,SINGLE,146,Butler,
BLOOMBERG,467,SINGLE,134,Butler,
BLOOMBERG,469,SINGLE,142,Butler,
BLOOMBERG,471,SINGLE,132,Butler,
BLOOMBERG,473,TRIPLE,482,Butler,
BLOOMBERG,474,SINGLE,205,Butler,
BLOOMBERG,476,SINGLE,113,Butler,
BLOOMBERG,478,SINGLE,113,Butler,
BLOOMBERG,479,SINGLE,166,Butler,
BLOOMBERG,481,QUAD,638,Butler,
BOGLE,C102,QUAD,522,Butler,
BOGLE,C103,SINGLE,139,Butler,
BOGLE,C104,QUAD,516,Butler,
BOGLE,C202,QUAD,580,Butler,
BOGLE,C203,SINGLE,139,Butler,
BOGLE,C204,QUAD,522,Butler,
BOGLE,C205,SINGLE,153,Butler,
BROWN,111,TRIPLE,497,Upperclass,
BROWN,112,QUAD,505,Upperclass,
BROWN,113,SINGLE,125,Upperclass,
BROWN,114,SINGLE,125,Upperclass,
BROWN,117,SINGLE,119,Upperclass,
BROWN,119,QUAD,837,Upperclass,
BROWN,121,SINGLE,112,Upperclass,
BROWN,122,QUAD,518,Upperclass,
BROWN,123,SINGLE,123,Upperclass,
BROWN,125,SINGLE,128,Upperclass,
BROWN,126,SINGLE,108,Upperclass,
BROWN,127,QUAD,536,Upperclass,
BROWN,128,QUAD,509,Upperclass,
BROWN,210,SINGLE,228,Upperclass,
BROWN,211,QUAD,501,Upperclass,
BROWN,212,QUAD,518,Upperclass,
BROWN,213,SINGLE,126,Upperclass,
BROWN,214,SINGLE,127,Upperclass,
BROWN,219,TRIPLE,495,Upperclass,
BROWN,220,TRIPLE,497,Upperclass,
BROWN,221,QUAD,505,Upperclass,
BROWN,222,SINGLE,125,Upperclass,
BROWN,225,SINGLE,130,Upperclass,
BROWN,226,SINGLE,127,Upperclass,
BROWN,227,QUAD,505,Upperclass,
BROWN,228,QUAD,519,Upperclass,
BROWN,311,QUAD,502,Upperclass,
BROWN,312,TRIPLE,500,Upperclass,
BROWN,313,SINGLE,125,Upperclass,
BROWN,314,SINGLE,129,Upperclass,
BROWN,318,QUAD,507,Upperclass,
BROWN,319,TRIPLE,490,Upperclass,
BROWN,320,QUAD,503,Upperclass,
BROWN,321,TRIPLE,498,Upperclass,
BROWN,322,SINGLE,124,Upperclass,
BROWN,325,SINGLE,132,Upperclass,
BROWN,326,SINGLE,124,Upperclass,
BROWN,327,QUAD,501,Upperclass,
BROWN,328,TRIPLE,495,Upperclass,
BROWN,329,SINGLE,237,Upperclass,
BROWN,410,SINGLE,230,Upperclass,
BROWN,411,QUAD,512,Upperclass,
BROWN,412,QUAD,516,Upperclass,
BROWN,413,SINGLE,128,Upperclass,
BROWN,414,SINGLE,134,Upperclass,
BROWN,417,SINGLE,120,Upperclass,
BROWN,418,QUAD,523,Upperclass,
BROWN,419,QUAD,520,Upperclass,
BROWN,420,TRIPLE,500,Upperclass,
BROWN,421,QUAD,507,Upperclass,
BROWN,422,SINGLE,126,Upperclass,
BROWN,425,SINGLE,129,Upperclass,
BROWN,426,SINGLE,122,Upperclass,
BROWN,427,QUAD,530,Upperclass,
BROWN,428,QUAD,508,Upperclass,
BROWN,429,SINGLE,220,Upperclass,
BUYERS,16,DOUBLE,265,Rockefeller,
BUYERS,17,QUAD,545,Rockefeller,
BUYERS,24,QUAD,553,Rockefeller,
BUYERS,32,QUINT,728,Rockefeller,
BUYERS,33,QUAD,583,Rockefeller,
BUYERS,34,SINGLE,131,Rockefeller,
BUYERS,B13,SINGLE,154,Rockefeller,
BUYERS,B21,SINGLE,124,Rockefeller,
BUYERS,B22,SINGLE,128,Rockefeller,
BUYERS,B23,SINGLE,125,Rockefeller,
BUYERS,B31,DOUBLE,210,Rockefeller,
BUYERS,T02,QUAD,563,Rockefeller,
CAMPBELL,003A,SINGLE,162,Rockefeller,
CAMPBELL,003B,SINGLE,141,Rockefeller,
CAMPBELL,003C,SINGLE,171,Rockefeller,
CAMPBELL,004A,DOUBLE,192,Rockefeller,
CAMPBELL,004B,SINGLE,168,Rockefeller,
CAMPBELL,005B,SINGLE,140,Mathey,
CAMPBELL,006A,SINGLE,146,Mathey,
CAMPBELL,13,DOUBLE,333,Rockefeller,
CAMPBELL,14,DOUBLE,328,Rockefeller,
CAMPBELL,15,QUAD,452,Rockefeller,
CAMPBELL,22,DOUBLE,317,Rockefeller,
CAMPBELL,24,DOUBLE,262,Rockefeller,
CAMPBELL,26,QUAD,486,Rockefeller,
CAMPBELL,28,QUAD,455,Rockefeller,
CAMPBELL,52,SINGLE,126,Mathey,
CAMPBELL,052A,SINGLE,117,Mathey,
CAMPBELL,052B,SINGLE,118,Mathey,
CAMPBELL,61,DOUBLE,274,Mathey,
CAMPBELL,62,DOUBLE,272,Mathey,
CAMPBELL,63,DOUBLE,270,Mathey,
CLAPP,201,QUAD,703,First,
CLAPP,202,QUAD,627,First,
CLAPP,212,QUAD,606,First,
CLAPP,231,QUAD,513,First,
CLAPP,232,QUAD,603,First,
CUYLER,111,QUAD,530,Upperclass,
CUYLER,112,TRIPLE,447,Upperclass,
CUYLER,121,QUAD,529,Upperclass,
CUYLER,122,TRIPLE,441,Upperclass,
CUYLER,211,TRIPLE,425,Upperclass,
CUYLER,212,TRIPLE,409,Upperclass,
CUYLER,221,TRIPLE,428,Upperclass,
CUYLER,222,TRIPLE,415,Upperclass,
CUYLER,231,SINGLE,126,Upperclass,
CUYLER,232,SINGLE,152,Upperclass,
CUYLER,233,SINGLE,160,Upperclass,
CUYLER,234,QUAD,639,Upperclass,
CUYLER,235,SINGLE,151,Upperclass,
CUYLER,236,SINGLE,127,Upperclass,
CUYLER,311,TRIPLE,424,Upperclass,
CUYLER,312,TRIPLE,415,Upperclass,
CUYLER,321,TRIPLE,429,Upperclass,
CUYLER,322,TRIPLE,416,Upperclass,
CUYLER,401,SINGLE,223,Upperclass,
CUYLER,402,TRIPLE,399,Upperclass,
CUYLER,403,SINGLE,235,Upperclass,
CUYLER,404,DOUBLE,394,Upperclass,
CUYLER,411,DA,223,Upperclass,
CUYLER,412,TRIPLE,399,Upperclass,
CUYLER,414,TRIPLE,437,Upperclass,
CUYLER,421,QUINT,775,Upperclass,
CUYLER,422,TRIPLE,396,Upperclass,
CUYLER,431,SINGLE,153,Upperclass,
CUYLER,432,SINGLE,164,Upperclass,
CUYLER,433,SINGLE,152,Upperclass,
CUYLER,434,SINGLE,124,Upperclass,
CUYLER,435,SINGLE,120,Upperclass,
CUYLER,436,SINGLE,126,Upperclass,
CUYLER,438,SINGLE,180,Upperclass,
CUYLER,439,SINGLE,142,Upperclass,
CUYLER,511,DOUBLE,351,Upperclass,
CUYLER,521,DOUBLE,347,Upperclass,
CUYLER,522,DOUBLE,360,Upperclass,
CUYLER,601,QUAD,684,Upperclass,
CUYLER,611,TRIPLE,439,Upperclass,
CUYLER,612,DOUBLE,266,Upperclass,
CUYLER,613,DOUBLE,253,Upperclass,
CUYLER,621,TRIPLE,431,Upperclass,
CUYLER,622,DOUBLE,265,Upperclass,
CUYLER,623,DOUBLE,257,Upperclass,
CUYLER,631,TRIPLE,456,Upperclass,
CUYLER,632,SINGLE,148,Upperclass,
CUYLER,633,SINGLE,226,Upperclass,
CUYLER,634,SINGLE,130,Upperclass,
DOD,101,SINGLE,125,Upperclass,Independent
DOD,101N,TRIPLE,460,Upperclass,
DOD,101S,TRIPLE,460,Upperclass,Independent
DOD,102,SINGLE,120,Upperclass,Independent
DOD,102N,TRIPLE,460,Upperclass,Independent
DOD,102S,TRIPLE,460,Upperclass,Independent
DOD,103,DOUBLE,260,Upperclass,Independent
DOD,107,SINGLE,120,Upperclass,Independent
DOD,111,SINGLE,125,Upperclass,Independent
DOD,112,SINGLE,120,Upperclass,Independent
DOD,114,SINGLE,125,Upperclass,Independent
DOD,115,SINGLE,125,Upperclass,Independent
DOD,116,SINGLE,120,Upperclass,Independent
DOD,117,SINGLE,120,Upperclass,Independent
DOD,200,SINGLE,125,Upperclass,Independent
DOD,201,SINGLE,125,Upperclass,Independent
DOD,201N,TRIPLE,460,Upperclass,
DOD,201S,TRIPLE,460,Upperclass,
DOD,202,SINGLE,120,Upperclass,Independent
DOD,202N,TRIPLE,460,Upperclass,
DOD,202S,TRIPLE,460,Upperclass,
DOD,204,SINGLE,125,Upperclass,Independent
DOD,205,SINGLE,125,Upperclass,Independent
DOD,206,SINGLE,120,Upperclass,
DOD,207,SINGLE,120,Upperclass,Independent
DOD,213,DOUBLE,260,Upperclass,
DOD,214,SINGLE,125,Upperclass,
DOD,215,SINGLE,125,Upperclass,
DOD,216,SINGLE,120,Upperclass,Independent
DOD,217,SINGLE,120,Upperclass,
DOD,300N,SINGLE,150,Upperclass,
DOD,300S,SINGLE,150,Upperclass,
DOD,301,SINGLE,125,Upperclass,
DOD,301N,TRIPLE,460,Upperclass,
DOD,301S,TRIPLE,460,Upperclass,
DOD,302,SINGLE,120,Upperclass,
DOD,302N,TRIPLE,460,Upperclass,
DOD,302S,TRIPLE,460,Upperclass,
DOD,303,DOUBLE,260,Upperclass,
DOD,313,DOUBLE,260,Upperclass,
DOD,314,SINGLE,125,Upperclass,
DOD,317,SINGLE,120,Upperclass,
DOD,400N,SINGLE,150,Upperclass,
DOD,400S,SINGLE,150,Upperclass,
DOD,401,QUAD,735,Upperclass,
DOD,401N,TRIPLE,460,Upperclass,
DOD,401S,TRIPLE,460,Upperclass,
DOD,402N,TRIPLE,460,Upperclass,
DOD,402S,TRIPLE,460,Upperclass,
DOD,403,QUAD,705,Upperclass,
DOD,404,SINGLE,125,Upperclass,
DOD,405,SINGLE,125,Upperclass,
DOD,407,SINGLE,120,Upperclass,
DOD,411,QUAD,735,Upperclass,
DOD,413,QUAD,705,Upperclass,
DOD,414,SINGLE,125,Upperclass,
DOD,415,SINGLE,125,Upperclass,
DODGE,OSBORN,116,SINGLE,143,First
DODGE,OSBORN,121,10PERSON,1794,First
DODGE,OSBORN,122,SINGLE,142,First
DODGE,OSBORN,123,SINGLE,121,First
DODGE,OSBORN,124,SINGLE,117,First
DODGE,OSBORN,125,DOUBLE,225,First
DODGE,OSBORN,126,DOUBLE,221,First
DODGE,OSBORN,203,SINGLE,107,First
DODGE,OSBORN,204,TRIPLE,619,First
DODGE,OSBORN,212,SINGLE,164,First
DODGE,OSBORN,213,DOUBLE,230,First
DODGE,OSBORN,215,SINGLE,118,First
DODGE,OSBORN,216,SINGLE,118,First
DODGE,OSBORN,217,SINGLE,155,First
DODGE,OSBORN,222,SINGLE,113,First
DODGE,OSBORN,223,SINGLE,119,First
DODGE,OSBORN,224,SINGLE,116,First
DODGE,OSBORN,226,SINGLE,161,First
DODGE,OSBORN,227,SINGLE,160,First
EDWARDS,101,SINGLE,131,Mathey,
EDWARDS,102,SINGLE,101,Mathey,
EDWARDS,103,SINGLE,129,Mathey,
EDWARDS,104,SINGLE,156,Mathey,
EDWARDS,110,SINGLE,148,Mathey,
EDWARDS,111,SINGLE,156,Mathey,
EDWARDS,112,SINGLE,121,Mathey,
EDWARDS,113,SINGLE,156,Mathey,
EDWARDS,115,SINGLE,99,Mathey,
EDWARDS,116,SINGLE,122,Mathey,
EDWARDS,117,DOUBLE,270,Mathey,
EDWARDS,501,SINGLE,161,Mathey,
EDWARDS,502,SINGLE,170,Mathey,
EDWARDS,503,SINGLE,165,Mathey,
EDWARDS,504,SINGLE,180,Mathey,
EDWARDS,505,SINGLE,157,Mathey,
EDWARDS,506,SINGLE,164,Mathey,
EDWARDS,507,SINGLE,164,Mathey,
EDWARDS,508,SINGLE,163,Mathey,
EDWARDS,509,SINGLE,160,Mathey,
EDWARDS,510,SINGLE,162,Mathey,
EDWARDS,511,SINGLE,163,Mathey,
EDWARDS,512,SINGLE,174,Mathey,
EDWARDS,513,SINGLE,173,Mathey,
EDWARDS,514,SINGLE,158,Mathey,
EDWARDS,515,DOUBLE,299,Mathey,
FEINBERG,301,QUAD,617,First,
FEINBERG,302,QUAD,606,First,
FEINBERG,401,6PERSON,881,First,
FEINBERG,402,6PERSON,881,First,
FISHER,A101,QUAD,722,Whitman,
FISHER,A105,SINGLE,148,Whitman,
FISHER,A114,SINGLE,111,Whitman,
FISHER,A116,SINGLE,111,Whitman,
FISHER,A201,QUAD,755,Whitman,
FISHER,A214,SINGLE,109,Whitman,
FISHER,A216,SINGLE,114,Whitman,
FISHER,A225,QUAD,687,Whitman,
FISHER,A301,DOUBLE,245,Whitman,
FISHER,A302,SINGLE,126,Whitman,
FISHER,A305,SINGLE,139,Whitman,
FISHER,A308,SINGLE,131,Whitman,
FISHER,A310,SINGLE,133,Whitman,
FISHER,A312,SINGLE,129,Whitman,
FISHER,A314,SINGLE,135,Whitman,
FISHER,A316,SINGLE,129,Whitman,
FISHER,A317,SINGLE,113,Whitman,
FISHER,A318,SINGLE,132,Whitman,
FISHER,A321,SINGLE,120,Whitman,
FISHER,A323,QUAD,1065,Whitman,
FORBES,107,DOUBLE,183,Forbes,
FORBES,108,DOUBLE,183,Forbes,
FORBES,109,DOUBLE,183,Forbes,
FORBES,110,DOUBLE,192,Forbes,
FORBES,111,DOUBLE,183,Forbes,
FORBES,112,SINGLE,170,Forbes,
FORBES,116,DOUBLE,193,Forbes,
FORBES,151,DOUBLE,284,Forbes,
FORBES,152,DOUBLE,291,Forbes,
FORBES,153,DOUBLE,280,Forbes,
FORBES,154,DOUBLE,311,Forbes,
FORBES,155,DOUBLE,349,Forbes,
FORBES,156,QUAD,594,Forbes,
FORBES,206,DOUBLE,183,Forbes,
FORBES,207,DOUBLE,192,Forbes,
FORBES,208,DOUBLE,183,Forbes,
FORBES,209,DOUBLE,183,Forbes,
FORBES,210,DOUBLE,192,Forbes,
FORBES,211,DOUBLE,183,Forbes,
FORBES,213,DOUBLE,193,Forbes,
FORBES,215,DOUBLE,201,Forbes,
FORBES,217,DOUBLE,244,Forbes,
FORBES,218,DOUBLE,275,Forbes,
FORBES,219,DOUBLE,246,Forbes,
FORBES,220,DOUBLE,248,Forbes,
FORBES,221,DOUBLE,248,Forbes,
FORBES,224,SINGLE,142,Forbes,
FORBES,224N,SINGLE,134,Forbes,
FORBES,234,DOUBLE,238,Forbes,
FORBES,235,DOUBLE,291,Forbes,
FORBES,237,DOUBLE,234,Forbes,
FORBES,239,DOUBLE,218,Forbes,
FORBES,251,DOUBLE,293,Forbes,
FORBES,252,DOUBLE,298,Forbes,
FORBES,253,DOUBLE,287,Forbes,
FORBES,254,DOUBLE,306,Forbes,
FORBES,255,DOUBLE,346,Forbes,
FORBES,256,DOUBLE,287,Forbes,
FORBES,261,DOUBLE,293,Forbes,
FORBES,262,DOUBLE,293,Forbes,
FORBES,263,DOUBLE,293,Forbes,
FORBES,264,DOUBLE,296,Forbes,
FORBES,266,DOUBLE,295,Forbes,
FORBES,267,DOUBLE,296,Forbes,
FORBES,268,DOUBLE,295,Forbes,
FORBES,301,SINGLE,147,Forbes,
FORBES,302,SINGLE,115,Forbes,
FORBES,303,TRIPLE,311,Forbes,
FORBES,304,SINGLE,130,Forbes,
FORBES,305,TRIPLE,394,Forbes,
FORBES,306,SINGLE,136,Forbes,
FORBES,308,SINGLE,130,Forbes,
FORBES,319,SINGLE,125,Forbes,
FORBES,320,SINGLE,122,Forbes,
FORBES,321,DOUBLE,248,Forbes,
FORBES,324,DOUBLE,294,Forbes,
FORBES,327,SINGLE,145,Forbes,
FORBES,331,DOUBLE,286,Forbes,
FORBES,A121,TRIPLE,372,Forbes,
FORBES,A125,TRIPLE,372,Forbes,
FORBES,A126,SINGLE,172,Forbes,
FORBES,A131,DOUBLE,208,Forbes,
FORBES,A132,DOUBLE,185,Forbes,
FORBES,A134,SINGLE,108,Forbes,
FORBES,A135,SINGLE,115,Forbes,
FORBES,A136,SINGLE,105,Forbes,
FORBES,A137,DOUBLE,185,Forbes,
FORBES,A138,DOUBLE,186,Forbes,
FORBES,A142,SINGLE,168,Forbes,
FORBES,A144,SINGLE,168,Forbes,
FORBES,A145,SINGLE,144,Forbes,
FORBES,A146,SINGLE,166,Forbes,
FORBES,A147,SINGLE,172,Forbes,
FORBES,A149,SINGLE,158,Forbes,
FORBES,A150,SINGLE,166,Forbes,
FORBES,A152,SINGLE,167,Forbes,
FORBES,A154,SINGLE,170,Forbes,
FORBES,A155,SINGLE,178,Forbes,
FORBES,A156,SINGLE,171,Forbes,
FORBES,A157,SINGLE,172,Forbes,
FORBES,A158,SINGLE,180,Forbes,
FORBES,A174,SINGLE,107,Forbes,
FORBES,A178,TRIPLE,363,Forbes,
FORBES,A223,TRIPLE,289,Forbes,
FORBES,A228,DOUBLE,185,Forbes,
FORBES,A231,DOUBLE,282,Forbes,
FORBES,A232,DOUBLE,185,Forbes,
FORBES,A234,DOUBLE,180,Forbes,
FORBES,A236,DOUBLE,180,Forbes,
FORBES,A238,DOUBLE,185,Forbes,
FORBES,A242,SINGLE,167,Forbes,
FORBES,A244,SINGLE,168,Forbes,
FORBES,A245,SINGLE,166,Forbes,
FORBES,A246,SINGLE,168,Forbes,
FORBES,A247,SINGLE,170,Forbes,
FORBES,A249,SINGLE,161,Forbes,
FORBES,A250,SINGLE,168,Forbes,
FORBES,A252,SINGLE,167,Forbes,
FORBES,A254,SINGLE,167,Forbes,
FORBES,A255,SINGLE,179,Forbes,
FORBES,A257,SINGLE,172,Forbes,
FORBES,A263,SINGLE,166,Forbes,
FORBES,A265,DOUBLE,343,Forbes,
FORBES,A266,SINGLE,160,Forbes,
FORBES,A268,SINGLE,175,Forbes,
FORBES,A270,SINGLE,173,Forbes,
FORBES,A323,TRIPLE,392,Forbes,
FORBES,A327,DOUBLE,288,Forbes,
FORBES,A328,DOUBLE,185,Forbes,
FORBES,A331,DOUBLE,279,Forbes,
FORBES,A332,DOUBLE,184,Forbes,
FORBES,A334,DOUBLE,180,Forbes,
FORBES,A336,DOUBLE,180,Forbes,
FORBES,A337,TRIPLE,291,Forbes,
FORBES,A338,DOUBLE,184,Forbes,
FORBES,A374,DOUBLE,180,Forbes,
FORBES,A376,DOUBLE,180,Forbes,
FORBES,A377,DOUBLE,279,Forbes,
FORBES,A378,DOUBLE,184,Forbes,
FORBES,A426,DOUBLE,180,Forbes,
FORBES,A427,DOUBLE,284,Forbes,
FORBES,A428,DOUBLE,181,Forbes,
FORBES,A431,DOUBLE,270,Forbes,
FORBES,A432,DOUBLE,181,Forbes,
FORBES,A434,DOUBLE,180,Forbes,
FORBES,A436,DOUBLE,180,Forbes,
FORBES,A438,DOUBLE,181,Forbes,
FOULKE,101,DOUBLE,434,Upperclass,
FOULKE,102,SINGLE,204,Upperclass,
FOULKE,111,TRIPLE,401,Upperclass,
FOULKE,112,SINGLE,148,Upperclass,
FOULKE,113,SINGLE,173,Upperclass,
FOULKE,114,TRIPLE,441,Upperclass,
FOULKE,121,TRIPLE,414,Upperclass,
FOULKE,122,SINGLE,151,Upperclass,
FOULKE,123,SINGLE,171,Upperclass,
FOULKE,124,TRIPLE,454,Upperclass,
FOULKE,131,TRIPLE,400,Upperclass,
FOULKE,132,SINGLE,152,Upperclass,
FOULKE,133,QUAD,525,Upperclass,
FOULKE,201,SINGLE,146,Upperclass,
FOULKE,202,DOUBLE,370,Upperclass,
FOULKE,203,TRIPLE,463,Upperclass,
FOULKE,204,SINGLE,179,Upperclass,
FOULKE,205,SINGLE,167,Upperclass,
FOULKE,211,TRIPLE,397,Upperclass,
FOULKE,213,SINGLE,168,Upperclass,
FOULKE,214,SINGLE,183,Upperclass,
FOULKE,215,SINGLE,166,Upperclass,
FOULKE,221,TRIPLE,430,Upperclass,
FOULKE,222,QUAD,545,Upperclass,
FOULKE,301,SINGLE,174,Upperclass,
FOULKE,302,SINGLE,188,Upperclass,
FOULKE,303,SINGLE,185,Upperclass,
FOULKE,304,TRIPLE,431,Upperclass,
FOULKE,305,DOUBLE,385,Upperclass,
FOULKE,306,SINGLE,168,Upperclass,
FOULKE,307,SINGLE,164,Upperclass,
FOULKE,308,SINGLE,166,Upperclass,
FOULKE,311,TRIPLE,414,Upperclass,
FOULKE,312,TRIPLE,453,Upperclass,
FOULKE,313,SINGLE,173,Upperclass,
FOULKE,314,SINGLE,170,Upperclass,
FOULKE,315,DOUBLE,351,Upperclass,
FOULKE,316,DOUBLE,382,Upperclass,
FOULKE,317,DOUBLE,376,Upperclass,
FOULKE,318,SINGLE,211,Upperclass,
FOULKE,321,DOUBLE,411,Upperclass,
FOULKE,322,TRIPLE,437,Upperclass,
FOULKE,323,SINGLE,168,Upperclass,
FOULKE,324,SINGLE,174,Upperclass,
FOULKE,325,DOUBLE,350,Upperclass,
FOULKE,326,TRIPLE,386,Upperclass,
FOULKE,327,SINGLE,112,Upperclass,
FOULKE,328,SINGLE,133,Upperclass,
FOULKE,329,SINGLE,119,Upperclass,
FOULKE,329A,SINGLE,123,Upperclass,
FOULKE,331,QUAD,638,Upperclass,
FOULKE,332,SINGLE,184,Upperclass,
FOULKE,333,SINGLE,188,Upperclass,
FOULKE,334,SINGLE,198,Upperclass,
FOULKE,335,SINGLE,190,Upperclass,
FOULKE,341,QUAD,603,Upperclass,
GAUSS,101,6PERSON,1056,First,
GAUSS,111,SINGLE,111,First,
GAUSS,112,SINGLE,120,First,
GAUSS,113,SINGLE,116,First,
GAUSS,114,SINGLE,122,First,
GAUSS,115,SINGLE,166,First,
GAUSS,116,SINGLE,138,First,
GAUSS,117,SINGLE,167,First,
GAUSS,131,SINGLE,119,First,
GAUSS,132,SINGLE,117,First,
GAUSS,133,SINGLE,115,First,
GAUSS,134,SINGLE,122,First,
HAMILTON,121,SINGLE,145,Mathey,
HAMILTON,124,QUAD,628,Mathey,
HAMILTON,221,SINGLE,145,Mathey,
HAMILTON,322,SINGLE,129,Mathey,
HAMILTON,324,QUINT,957,Mathey,
HAMILTON,325,SINGLE,127,Mathey,
HARGADON,G101A,TRIPLE,430,Whitman,
HARGADON,G101D,TRIPLE,475,Whitman,
HARGADON,G203A,SINGLE,157,Whitman,
HARGADON,G203B,SINGLE,220,Whitman,
HARGADON,G205,SINGLE,156,Whitman,
HARGADON,G207,SINGLE,155,Whitman,
HARGADON,G301,SINGLE,173,Whitman,
HARGADON,G304A,SINGLE,157,Whitman,
HARGADON,G306,SINGLE,156,Whitman,
HARGADON,G309,SINGLE,188,Whitman,
HARGADON,G401,SINGLE,181,Whitman,
HARGADON,G402,SINGLE,128,Whitman,
HARGADON,G403,SINGLE,185,Whitman,
HARGADON,G405,SINGLE,165,Whitman,
HARGADON,G407A,SINGLE,150,Whitman,
HARGADON,G407B,SINGLE,110,Whitman,
HENRY,101,SINGLE,165,Upperclass,Independent
HENRY,102,SINGLE,197,Upperclass,Independent
HENRY,103,SINGLE,202,Upperclass,Independent
HENRY,104,SINGLE,595,Upperclass,
HENRY,111,TRIPLE,388,Upperclass,Independent
HENRY,112,TRIPLE,395,Upperclass,Independent
HENRY,113,QUAD,519,Upperclass,Independent
HENRY,114,QUAD,519,Upperclass,
HENRY,115,SINGLE,238,Upperclass,Independent
HENRY,116,SINGLE,210,Upperclass,Independent
HENRY,121,DOUBLE,313,Upperclass,
HENRY,122,TRIPLE,392,Upperclass,
HENRY,123,QUAD,523,Upperclass,
HENRY,124,QUAD,518,Upperclass,
HENRY,125,SINGLE,238,Upperclass,
HENRY,131,SINGLE,139,Upperclass,
HENRY,132,SINGLE,176,Upperclass,
HENRY,133,QUAD,524,Upperclass,
HENRY,134,TRIPLE,473,Upperclass,
HENRY,136,SINGLE,142,Upperclass,
HENRY,137,SINGLE,137,Upperclass,
HENRY,141,QUAD,642,Upperclass,
HENRY,151,TRIPLE,406,Upperclass,
HENRY,201,SINGLE,182,Upperclass,
HENRY,202,SINGLE,187,Upperclass,
HENRY,203,SINGLE,209,Upperclass,
HENRY,204,SINGLE,213,Upperclass,
HENRY,205,SINGLE,198,Upperclass,
HENRY,206,SINGLE,193,Upperclass,
HENRY,207,SINGLE,193,Upperclass,
HENRY,211,SINGLE,175,Upperclass,
HENRY,212,TRIPLE,401,Upperclass,
HENRY,213,SINGLE,179,Upperclass,
HENRY,214,SINGLE,162,Upperclass,
HENRY,215,DOUBLE,366,Upperclass,
HENRY,216,DOUBLE,363,Upperclass,
HENRY,217,DOUBLE,392,Upperclass,
HENRY,218,SINGLE,165,Upperclass,
HENRY,220,SINGLE,179,Upperclass,
HENRY,221,SINGLE,133,Upperclass,
HENRY,222,SINGLE,93,Upperclass,
HENRY,222A,SINGLE,139,Upperclass,
HENRY,223,SINGLE,133,Upperclass,
HENRY,224,SINGLE,167,Upperclass,
HENRY,225,DOUBLE,370,Upperclass,
HENRY,226,TRIPLE,490,Upperclass,
HENRY,227,SINGLE,110,Upperclass,
HENRY,228,SINGLE,106,Upperclass,
HENRY,229,SINGLE,166,Upperclass,
HENRY,230,SINGLE,143,Upperclass,
HENRY,231,SINGLE,144,Upperclass,
HENRY,232,TRIPLE,454,Upperclass,
HENRY,233,SINGLE,194,Upperclass,
HENRY,234,TRIPLE,436,Upperclass,
HENRY,235,SINGLE,164,Upperclass,
HENRY,236,SINGLE,181,Upperclass,
HENRY,301,SINGLE,216,Upperclass,
HENRY,302,TRIPLE,436,Upperclass,
HENRY,311,TRIPLE,407,Upperclass,
HENRY,312,SINGLE,196,Upperclass,
HENRY,313,SINGLE,194,Upperclass,
HENRY,314,TRIPLE,431,Upperclass,
HENRY,321,TRIPLE,457,Upperclass,
HENRY,323,SINGLE,113,Upperclass,
HENRY,324,TRIPLE,461,Upperclass,
HENRY,331,QUAD,525,Upperclass,
HENRY,332,SINGLE,120,Upperclass,
HENRY,333,TRIPLE,402,Upperclass,
HOLDER,11,DOUBLE,305,Rockefeller,
HOLDER,12,SINGLE,200,Rockefeller,
HOLDER,22,SINGLE,110,Rockefeller,
HOLDER,24,SINGLE,110,Rockefeller,
HOLDER,25,SINGLE,125,Rockefeller,
HOLDER,26,DOUBLE,235,Rockefeller,
HOLDER,27,QUAD,620,Rockefeller,
HOLDER,37,QUAD,458,Rockefeller,
HOLDER,41,QUAD,470,Rockefeller,
HOLDER,42,QUAD,448,Rockefeller,
HOLDER,43,DOUBLE,191,Rockefeller,
HOLDER,46,QUAD,549,Rockefeller,
HOLDER,57,SINGLE,160,Rockefeller,
HOLDER,61,QUAD,508,Rockefeller,
HOLDER,62,QUAD,444,Rockefeller,
HOLDER,63,QUAD,530,Rockefeller,
HOLDER,66,QUAD,523,Rockefeller,
HOLDER,67,QUAD,761,Rockefeller,
HOLDER,68,SINGLE,179,Rockefeller,
HOLDER,73,QUAD,467,Rockefeller,
HOLDER,74,DOUBLE,326,Rockefeller,
HOLDER,75,SINGLE,135,Rockefeller,
HOLDER,78,DOUBLE,250,Rockefeller,
HOLDER,79,SINGLE,176,Rockefeller,
HOLDER,85,SINGLE,158,Rockefeller,
HOLDER,88,SINGLE,215,Rockefeller,
HOLDER,92,QUAD,440,Rockefeller,
HOLDER,93,DOUBLE,197,Rockefeller,
HOLDER,94,DOUBLE,201,Rockefeller,
HOLDER,96,DOUBLE,246,Rockefeller,
HOLDER,107,QUAD,748,Rockefeller,
HOLDER,115,SINGLE,128,Rockefeller,
HOLDER,116,SINGLE,176,Rockefeller,
HOLDER,122,QUAD,435,Rockefeller,
HOLDER,123,QUAD,402,Rockefeller,
HOLDER,124,DOUBLE,200,Rockefeller,
HOLDER,126,QUAD,618,Rockefeller,
HOLDER,135,DOUBLE,182,Rockefeller,
HOLDER,136,QUAD,594,Rockefeller,
HOLDER,142,SINGLE,166,Rockefeller,
HOLDER,143,QUAD,462,Rockefeller,
JOLINE,212,DOUBLE,386,Mathey,
JOLINE,213,DOUBLE,366,Mathey,
JOLINE,214,DOUBLE,332,Mathey,
JOLINE,231,DOUBLE,290,Mathey,
JOLINE,234,SINGLE,167,Mathey,
JOLINE,235,SINGLE,238,Mathey,
JOLINE,311,TRIPLE,424,Mathey,
JOLINE,312,SINGLE,156,Mathey,
JOLINE,313,TRIPLE,409,Mathey,
JOLINE,321,QUAD,508,Mathey,
JOLINE,323,TRIPLE,421,Mathey,
JOLINE,331,SINGLE,155,Mathey,
JOLINE,332,SINGLE,200,Mathey,
JOLINE,333,SINGLE,188,Mathey,
JOLINE,334,SINGLE,144,Mathey,
JOLINE,412,SINGLE,212,Mathey,
JOLINE,422,SINGLE,205,Mathey,
JOLINE,432,TRIPLE,331,Mathey,
JOLINE,433,SINGLE,195,Mathey,
LAUGHLIN,511,TRIPLE,436,Upperclass,
LAUGHLIN,512,DOUBLE,377,Upperclass,
LAUGHLIN,513,DOUBLE,364,Upperclass,
LAUGHLIN,521,TRIPLE,440,Upperclass,
LAUGHLIN,522,DOUBLE,357,Upperclass,
LAUGHLIN,523,DOUBLE,361,Upperclass,
LAUGHLIN,531,QUINT,768,Upperclass,
LAUGHLIN,532,SINGLE,127,Upperclass,
LAUGHLIN,533,SINGLE,150,Upperclass,
LAUGHLIN,534,SINGLE,138,Upperclass,
LAUGHLIN,612,DOUBLE,349,Upperclass,
LAUGHLIN,613,SINGLE,155,Upperclass,
LAUGHLIN,614,DOUBLE,380,Upperclass,
LAUGHLIN,615,SINGLE,187,Upperclass,
LAUGHLIN,616,TRIPLE,409,Upperclass,
LAUGHLIN,617,TRIPLE,485,Upperclass,
LAUGHLIN,618,SINGLE,175,Upperclass,
LAUGHLIN,621,DOUBLE,381,Upperclass,
LAUGHLIN,622,SINGLE,181,Upperclass,
LAUGHLIN,623,DOUBLE,430,Upperclass,
LAUGHLIN,624,SINGLE,191,Upperclass,
LAUGHLIN,626,SINGLE,190,Upperclass,
LAUGHLIN,627,DOUBLE,437,Upperclass,
LAUGHLIN,631,TRIPLE,444,Upperclass,
LAUGHLIN,632,QUAD,621,Upperclass,
LAUGHLIN,633,DOUBLE,409,Upperclass,
LAURITZEN,D105,QUAD,496,Whitman,
LAURITZEN,D106,SINGLE,144,Whitman,
LAURITZEN,D107,QUAD,529,Whitman,
LAURITZEN,D108,SINGLE,148,Whitman,
LAURITZEN,D109,SINGLE,117,Whitman,
LAURITZEN,D110,SINGLE,148,Whitman,
LAURITZEN,D112,QUAD,460,Whitman,
LAURITZEN,D114,QUAD,593,Whitman,
LAURITZEN,D201,SINGLE,125,Whitman,
LAURITZEN,D203,SINGLE,118,Whitman,
LAURITZEN,D206,SINGLE,144,Whitman,
LAURITZEN,D301,SINGLE,131,Whitman,
LAURITZEN,D302,SINGLE,146,Whitman,
LAURITZEN,D303,SINGLE,117,Whitman,
LAURITZEN,D304,SINGLE,176,Whitman,
LAURITZEN,D305,QUAD,495,Whitman,
LAURITZEN,D306,SINGLE,169,Whitman,
LAURITZEN,D307,QUAD,500,Whitman,
LAURITZEN,D308,SINGLE,146,Whitman,
LAURITZEN,D311,SINGLE,117,Whitman,
LAURITZEN,D312,SINGLE,152,Whitman,
LAURITZEN,D314,QUAD,965,Whitman,
LAURITZEN,D416,SINGLE,133,Whitman,
LAURITZEN,D418,SINGLE,139,Whitman,
LAURITZEN,D420,SINGLE,132,Whitman,
LITTLE,13,QUAD,561,Mathey,
LITTLE,31,QUAD,527,Mathey,
LITTLE,33,QUAD,514,Mathey,
LITTLE,35,DOUBLE,231,Mathey,
LITTLE,47,SINGLE,210,Mathey,
LITTLE,48,SINGLE,130,Mathey,
LITTLE,53,QUAD,528,Mathey,
LITTLE,55,SINGLE,212,Mathey,
LITTLE,57,DOUBLE,443,Mathey,
LITTLE,62,SINGLE,238,Mathey,
LITTLE,63,QUAD,644,Mathey,
LITTLE,71,QUINT,889,Mathey,
LITTLE,73,QUAD,573,Mathey,
LITTLE,74,QUAD,573,Mathey,
LITTLE,77,QUAD,683,Mathey,
LITTLE,81,QUAD,506,Mathey,
LITTLE,83,DOUBLE,419,Mathey,
LITTLE,85,DOUBLE,418,Mathey,
LITTLE,87,SINGLE,198,Mathey,
LITTLE,91,QUAD,509,Upperclass,
LITTLE,93,QUAD,508,Upperclass,
LITTLE,95,SINGLE,203,Upperclass,
LITTLE,97,QUAD,519,Upperclass,
LITTLE,101,QUAD,512,Upperclass,
LITTLE,103,QUAD,512,Upperclass,
LITTLE,105,QUAD,508,Upperclass,
LITTLE,111,QUAD,744,Upperclass,
LITTLE,115,QUAD,708,Upperclass,
LITTLE,121,QUAD,600,Upperclass,
LITTLE,122,QUAD,637,Upperclass,
LITTLE,123,QUAD,617,Upperclass,
LITTLE,131,TRIPLE,464,Upperclass,
LITTLE,134,QUAD,537,Upperclass,
LITTLE,141,DOUBLE,288,Upperclass,
LITTLE,142,QUAD,644,Upperclass,
LITTLE,143,QUAD,595,Upperclass,
LITTLE,145,QUAD,521,Upperclass,
LITTLE,146,QUAD,653,Upperclass,
LITTLE,301,QUAD,562,Mathey,
LITTLE,302,SINGLE,162,Mathey,
LITTLE,303,SINGLE,193,Mathey,
LITTLE,305,SINGLE,123,Mathey,
LITTLE,307,SINGLE,116,Mathey,
LITTLE,309,SINGLE,119,Mathey,
LITTLE,311,SINGLE,131,Mathey,
LITTLE,313,SINGLE,110,Mathey,
LITTLE,318,SINGLE,159,Mathey,
LITTLE,321,SINGLE,111,Mathey,
LITTLE,323,SINGLE,127,Mathey,
LITTLE,325,SINGLE,118,Mathey,
LITTLE,327,SINGLE,118,Mathey,
LITTLE,329,QUAD,742,Mathey,
LITTLE,381,QUAD,710,Mathey,
LITTLE,385,SINGLE,207,Mathey,
LITTLE,387,SINGLE,137,Mathey,
LITTLE,389,SINGLE,140,Mathey,
LITTLE,391,SINGLE,140,Mathey,
LITTLE,393,SINGLE,141,Mathey,
LITTLE,395,SINGLE,230,Mathey,
LITTLE,399,QUAD,776,Upperclass,
LITTLE,401,QUAD,550,Mathey,
LITTLE,A10,DOUBLE,309,Upperclass,Independent
LITTLE,A14,QUAD,522,Upperclass,Independent
LITTLE,A16,DOUBLE,404,Upperclass,Independent
LITTLE,A20,DOUBLE,328,Upperclass,Independent
LITTLE,A24,SINGLE,189,Upperclass,Independent
LITTLE,A28,DOUBLE,420,Upperclass,Independent
LITTLE,A34,SINGLE,228,Upperclass,Independent
LITTLE,A36,SINGLE,201,Upperclass,Independent
LITTLE,A38,QUAD,548,Upperclass,Independent
LITTLE,A40,QUAD,562,Upperclass,
LITTLE,A46,DOUBLE,444,Upperclass,
LITTLE,A48,QUAD,529,Upperclass,
LITTLE,A54,QUAD,501,Upperclass,
LITTLE,A56,QUAD,610,Upperclass,
LOCKHART,101,SINGLE,234,Upperclass,
LOCKHART,102,SINGLE,111,Upperclass,
LOCKHART,103,DOUBLE,380,Upperclass,
LOCKHART,104,SINGLE,166,Upperclass,
LOCKHART,111,SINGLE,238,Upperclass,
LOCKHART,112,SINGLE,112,Upperclass,
LOCKHART,113,TRIPLE,377,Upperclass,
LOCKHART,114,SINGLE,173,Upperclass,
LOCKHART,121,DOUBLE,384,Upperclass,
LOCKHART,201,DOUBLE,338,Upperclass,Independent
LOCKHART,211,SINGLE,179,Upperclass,Independent
LOCKHART,212,SINGLE,199,Upperclass,Independent
LOCKHART,213,TRIPLE,450,Upperclass,Independent
LOCKHART,214,TRIPLE,434,Upperclass,Independent
LOCKHART,221,SINGLE,188,Upperclass,Independent
LOCKHART,222,SINGLE,189,Upperclass,Independent
LOCKHART,223,TRIPLE,440,Upperclass,Independent
LOCKHART,224,SINGLE,206,Upperclass,Independent
LOCKHART,225,SINGLE,194,Upperclass,Independent
LOCKHART,231,QUAD,686,Upperclass,Independent
LOCKHART,232,QUAD,722,Upperclass,Independent
LOCKHART,241,DOUBLE,562,Upperclass,Independent
LOCKHART,242,DOUBLE,420,Upperclass,Independent
LOCKHART,301,SINGLE,172,Upperclass,Independent
LOCKHART,302,SINGLE,216,Upperclass,Independent
LOCKHART,303,SINGLE,200,Upperclass,Independent
LOCKHART,304,SINGLE,181,Upperclass,Independent
LOCKHART,311,TRIPLE,400,Upperclass,
LOCKHART,312,SINGLE,178,Upperclass,
LOCKHART,313,SINGLE,174,Upperclass,
LOCKHART,314,SINGLE,172,Upperclass,
LOCKHART,315,SINGLE,177,Upperclass,
LOCKHART,321,TRIPLE,396,Upperclass,Independent
LOCKHART,322,SINGLE,181,Upperclass,Independent
LOCKHART,323,SINGLE,179,Upperclass,Independent
LOCKHART,325,SINGLE,146,Upperclass,Independent
LOCKHART,331,SINGLE,170,Upperclass,
LOCKHART,401,SINGLE,219,Upperclass,
LOCKHART,402,SINGLE,249,Upperclass,
LOCKHART,411,SINGLE,182,Upperclass,
LOCKHART,412,SINGLE,168,Upperclass,
LOCKHART,413,SINGLE,198,Upperclass,
LOCKHART,421,DOUBLE,302,Upperclass,
LOCKHART,422,SINGLE,90,Upperclass,
LOCKHART,423,DOUBLE,350,Upperclass,
LOCKHART,431,DOUBLE,283,Upperclass,
LOCKHART,432,DOUBLE,248,Upperclass,
LOCKHART,433,SINGLE,122,Upperclass,
MURLEY,T302,DOUBLE,240,Whitman,
MURLEY,T304,DOUBLE,231,Whitman,
MURLEY,T402,QUAD,965,Whitman,
MURLEY,T403,DOUBLE,584,Whitman,
PATTON,30,TRIPLE,428,Upperclass,
PATTON,40,6PERSON,835,Upperclass,
PATTON,41,6PERSON,859,Upperclass,
PATTON,60,QUAD,574,Upperclass,
PATTON,61,TRIPLE,437,Upperclass,
PATTON,62,TRIPLE,449,Upperclass,
PATTON,63,TRIPLE,430,Upperclass,
PATTON,64,SINGLE,191,Upperclass,
PATTON,70,SINGLE,190,Upperclass,Independent
PATTON,71,SINGLE,165,Upperclass,Independent
PATTON,72,TRIPLE,455,Upperclass,
PATTON,73,TRIPLE,443,Upperclass,
PATTON,74,SINGLE,192,Upperclass,
PATTON,75,DOUBLE,313,Upperclass,
PATTON,76,TRIPLE,457,Upperclass,
PATTON,80,TRIPLE,456,Upperclass,Independent
PATTON,81,TRIPLE,435,Upperclass,Independent
PATTON,82,QUAD,669,Upperclass,Independent
PATTON,83,SINGLE,192,Upperclass,Independent
PATTON,84,SINGLE,139,Upperclass,Independent
PATTON,85,SINGLE,136,Upperclass,Independent
PATTON,86,SINGLE,155,Upperclass,Independent
PATTON,87,TRIPLE,472,Upperclass,
PATTON,88,DOUBLE,242,Upperclass,
PATTON,89,SINGLE,192,Upperclass,
PATTON,90,TRIPLE,431,Upperclass,Independent
PATTON,307,6PERSON,873,Upperclass,
PATTON,308,DOUBLE,327,Upperclass,
PATTON,310,SINGLE,170,Upperclass,
PATTON,311,DOUBLE,347,Upperclass,
PATTON,312,DOUBLE,284,Upperclass,
PATTON,408,6PERSON,868,Upperclass,
PATTON,T01,TRIPLE,395,Upperclass,Independent
PATTON,T02,SINGLE,154,Upperclass,Independent
PATTON,T03,TRIPLE,419,Upperclass,
PATTON,T04,SINGLE,184,Upperclass,
PATTON,T05,SINGLE,195,Upperclass,
PATTON,T06,TRIPLE,442,Upperclass,
PATTON,T07,SINGLE,186,Upperclass,
PATTON,T08,SINGLE,195,Upperclass,
PATTON,T09,SINGLE,155,Upperclass,
PATTON,T10,SINGLE,136,Upperclass,
PATTON,T12,6PERSON,1278,Upperclass,
PYNE,112,SINGLE,160,Upperclass,Independent
PYNE,113,SINGLE,168,Upperclass,Independent
PYNE,114,DOUBLE,435,Upperclass,Independent
PYNE,115,SINGLE,207,Upperclass,Independent
PYNE,116,SINGLE,191,Upperclass,Independent
PYNE,121,DOUBLE,444,Upperclass,Independent
PYNE,122,SINGLE,168,Upperclass,Independent
PYNE,123,SINGLE,157,Upperclass,Independent
PYNE,124,DOUBLE,438,Upperclass,Independent
PYNE,125,SINGLE,186,Upperclass,Independent
PYNE,131,DOUBLE,464,Upperclass,Independent
PYNE,132,SINGLE,177,Upperclass,Independent
PYNE,133,SINGLE,174,Upperclass,Independent
PYNE,134,DOUBLE,436,Upperclass,Independent
PYNE,135,SINGLE,145,Upperclass,Independent
PYNE,141,DOUBLE,373,Upperclass,Independent
PYNE,142,DOUBLE,295,Upperclass,Independent
PYNE,143,SINGLE,129,Upperclass,
PYNE,144,SINGLE,192,Upperclass,
PYNE,211,DOUBLE,375,Upperclass,
PYNE,212,SINGLE,148,Upperclass,Independent
PYNE,213,DOUBLE,350,Upperclass,
PYNE,214,SINGLE,146,Upperclass,Independent
PYNE,221,DOUBLE,373,Upperclass,
PYNE,222,SINGLE,165,Upperclass,
PYNE,223,SINGLE,176,Upperclass,
PYNE,224,SINGLE,168,Upperclass,
PYNE,225,SINGLE,163,Upperclass,
PYNE,230,SINGLE,82,Upperclass,
PYNE,232,SINGLE,132,Upperclass,
PYNE,233,SINGLE,134,Upperclass,
PYNE,234,DOUBLE,263,Upperclass,
PYNE,235,SINGLE,157,Upperclass,
PYNE,241,SINGLE,230,Upperclass,
PYNE,242,DOUBLE,237,Upperclass,
PYNE,243,SINGLE,136,Upperclass,
PYNE,311,SINGLE,209,Upperclass,
PYNE,312,SINGLE,210,Upperclass,
PYNE,313,DOUBLE,349,Upperclass,
PYNE,314,TRIPLE,407,Upperclass,
PYNE,315,SINGLE,166,Upperclass,
PYNE,316,SINGLE,169,Upperclass,
PYNE,322,DOUBLE,348,Upperclass,
PYNE,323,TRIPLE,414,Upperclass,
PYNE,324,SINGLE,174,Upperclass,
PYNE,325,SINGLE,169,Upperclass,
PYNE,332,SINGLE,231,Upperclass,
PYNE,333,TRIPLE,423,Upperclass,
PYNE,334,SINGLE,177,Upperclass,
PYNE,335,SINGLE,113,Upperclass,
PYNE,342,DOUBLE,317,Upperclass,
PYNE,343,SINGLE,228,Upperclass,
PYNE,344,SINGLE,216,Upperclass,
PYNE,345,QUAD,577,Upperclass,
PYNE,346,SINGLE,101,Upperclass,
PYNE,411,SINGLE,179,Upperclass,
PYNE,412,SINGLE,176,Upperclass,
PYNE,413,SINGLE,178,Upperclass,
PYNE,414,SINGLE,200,Upperclass,
PYNE,421,SINGLE,180,Upperclass,
PYNE,427,SINGLE,167,Upperclass,
PYNE,428,DOUBLE,250,Upperclass,
PYNE,429,SINGLE,113,Upperclass,
PYNE,431,SINGLE,175,Upperclass,
PYNE,432,SINGLE,133,Upperclass,
PYNE,433,SINGLE,183,Upperclass,
PYNE,434,SINGLE,152,Upperclass,
PYNE,435,DOUBLE,247,Upperclass,
PYNE,436,SINGLE,131,Upperclass,
PYNE,437,SINGLE,128,Upperclass,
PYNE,438,DOUBLE,239,Upperclass,
PYNE,439,SINGLE,117,Upperclass,
PYNE,440,SINGLE,103,Upperclass,
PYNE,441,SINGLE,115,Upperclass,
PYNE,442,DOUBLE,428,Upperclass,
PYNE,443,DOUBLE,319,Upperclass,
PYNE,511,QUAD,809,Upperclass,
PYNE,601,SINGLE,188,Upperclass,
PYNE,602,QUAD,563,Upperclass,
PYNE,603,SINGLE,234,Upperclass,
PYNE,611,DOUBLE,349,Upperclass,
PYNE,612,SINGLE,176,Upperclass,
PYNE,613,SINGLE,204,Upperclass,
PYNE,614,TRIPLE,402,Upperclass,
PYNE,615,SINGLE,156,Upperclass,
PYNE,616,SINGLE,196,Upperclass,
PYNE,617,SINGLE,199,Upperclass,
PYNE,621,DOUBLE,353,Upperclass,
PYNE,623,SINGLE,205,Upperclass,
PYNE,625,SINGLE,194,Upperclass,
PYNE,626,SINGLE,125,Upperclass,
PYNE,630,SINGLE,121,Upperclass,
PYNE,631,SINGLE,84,Upperclass,
PYNE,631A,SINGLE,88,Upperclass,
PYNE,632,SINGLE,194,Upperclass,
PYNE,633,SINGLE,215,Upperclass,
PYNE,634,SINGLE,215,Upperclass,
PYNE,641,QUAD,588,Upperclass,
PYNE,643,SINGLE,149,Upperclass,
PYNE,701,SINGLE,162,Upperclass,
PYNE,702,SINGLE,161,Upperclass,
PYNE,703,SINGLE,155,Upperclass,
PYNE,704,DOUBLE,399,Upperclass,
PYNE,705,SINGLE,168,Upperclass,
PYNE,711,SINGLE,168,Upperclass,
PYNE,712,SINGLE,164,Upperclass,
PYNE,713,SINGLE,171,Upperclass,
PYNE,714,SINGLE,170,Upperclass,
PYNE,715,SINGLE,165,Upperclass,
PYNE,716,SINGLE,149,Upperclass,
PYNE,717,SINGLE,167,Upperclass,
PYNE,718,TRIPLE,389,Upperclass,
PYNE,719,SINGLE,165,Upperclass,
PYNE,722,SINGLE,164,Upperclass,
PYNE,724,SINGLE,131,Upperclass,
PYNE,725,SINGLE,133,Upperclass,
PYNE,727,SINGLE,155,Upperclass,
PYNE,728,TRIPLE,446,Upperclass,
PYNE,731,SINGLE,177,Upperclass,
PYNE,732,SINGLE,144,Upperclass,
PYNE,733,SINGLE,145,Upperclass,
PYNE,734,DOUBLE,252,Upperclass,
PYNE,735,SINGLE,251,Upperclass,
PYNE,741,SINGLE,183,Upperclass,
PYNE,742,SINGLE,156,Upperclass,
PYNE,743,SINGLE,137,Upperclass,
SCULLY,121,SINGLE,190,Upperclass,
SCULLY,122,DOUBLE,305,Upperclass,
SCULLY,123,SINGLE,166,Upperclass,
SCULLY,124,SINGLE,147,Upperclass,
SCULLY,126,SINGLE,148,Upperclass,
SCULLY,127,SINGLE,166,Upperclass,
SCULLY,128,SINGLE,147,Upperclass,
SCULLY,130,SINGLE,148,Upperclass,
SCULLY,132,SINGLE,147,Upperclass,
SCULLY,133,SINGLE,196,Upperclass,
SCULLY,134,SINGLE,148,Upperclass,
SCULLY,136,SINGLE,147,Upperclass,
SCULLY,138,SINGLE,148,Upperclass,
SCULLY,140,QUAD,755,Upperclass,
SCULLY,142,SINGLE,140,Upperclass,
SCULLY,144,SINGLE,154,Upperclass,
SCULLY,149,DOUBLE,280,Upperclass,
SCULLY,160,SINGLE,147,Upperclass,Independent
SCULLY,164,DOUBLE,278,Upperclass,Independent
SCULLY,166,DOUBLE,278,Upperclass,Independent
SCULLY,168,DOUBLE,278,Upperclass,Independent
SCULLY,170,DOUBLE,278,Upperclass,Independent
SCULLY,171,SINGLE,166,Upperclass,Independent
SCULLY,172,DOUBLE,278,Upperclass,Independent
SCULLY,173,SINGLE,166,Upperclass,Independent
SCULLY,174,DOUBLE,278,Upperclass,Independent
SCULLY,221,SINGLE,190,Upperclass,
SCULLY,222,DOUBLE,305,Upperclass,
SCULLY,223,SINGLE,166,Upperclass,
SCULLY,224,SINGLE,147,Upperclass,
SCULLY,225,SINGLE,166,Upperclass,
SCULLY,226,SINGLE,148,Upperclass,
SCULLY,227,SINGLE,166,Upperclass,
SCULLY,228,SINGLE,147,Upperclass,
SCULLY,230,SINGLE,148,Upperclass,
SCULLY,236,SINGLE,147,Upperclass,
SCULLY,238,SINGLE,148,Upperclass,
SCULLY,240,QUAD,755,Upperclass,
SCULLY,252,SINGLE,166,Upperclass,
SCULLY,253,DOUBLE,280,Upperclass,
SCULLY,255,SINGLE,181,Upperclass,
SCULLY,261,SINGLE,160,Upperclass,
SCULLY,264,DOUBLE,278,Upperclass,Independent
SCULLY,265,SINGLE,166,Upperclass,Independent
SCULLY,266,DOUBLE,278,Upperclass,Independent
SCULLY,267,SINGLE,166,Upperclass,Independent
SCULLY,268,DOUBLE,278,Upperclass,
SCULLY,270,DOUBLE,278,Upperclass,
SCULLY,271,SINGLE,166,Upperclass,Independent
SCULLY,272,DOUBLE,278,Upperclass,Independent
SCULLY,273,SINGLE,166,Upperclass,Independent
SCULLY,274,DOUBLE,278,Upperclass,Independent
SCULLY,322,DOUBLE,297,Upperclass,
SCULLY,323,SINGLE,166,Upperclass,
SCULLY,324,SINGLE,147,Upperclass,
SCULLY,325,SINGLE,166,Upperclass,
SCULLY,326,SINGLE,148,Upperclass,
SCULLY,327,SINGLE,166,Upperclass,
SCULLY,328,SINGLE,147,Upperclass,
SCULLY,330,SINGLE,148,Upperclass,
SCULLY,332,SINGLE,147,Upperclass,
SCULLY,334,SINGLE,148,Upperclass,
SCULLY,335,SINGLE,160,Upperclass,
SCULLY,336,SINGLE,147,Upperclass,
SCULLY,338,SINGLE,148,Upperclass,
SCULLY,340,QUAD,755,Upperclass,
SCULLY,345,SINGLE,181,Upperclass,
SCULLY,349,DOUBLE,280,Upperclass,
SCULLY,356,SINGLE,166,Upperclass,
SCULLY,358,SINGLE,166,Upperclass,
SCULLY,361,SINGLE,160,Upperclass,
SCULLY,366,DOUBLE,278,Upperclass,
SCULLY,367,QUAD,783,Upperclass,Independent
SCULLY,368,DOUBLE,278,Upperclass,
SCULLY,370,DOUBLE,278,Upperclass,
SCULLY,372,DOUBLE,278,Upperclass,
SCULLY,374,DOUBLE,278,Upperclass,
SCULLY,401,SINGLE,134,Upperclass,
SCULLY,402,SINGLE,134,Upperclass,
SCULLY,403,SINGLE,134,Upperclass,
SCULLY,404,SINGLE,134,Upperclass,
SCULLY,405,SINGLE,134,Upperclass,
SCULLY,406,SINGLE,134,Upperclass,
SCULLY,408,SINGLE,134,Upperclass,
SCULLY,409,SINGLE,134,Upperclass,
SCULLY,410,SINGLE,134,Upperclass,
SCULLY,412,SINGLE,134,Upperclass,
SCULLY,414,SINGLE,134,Upperclass,
SCULLY,417,SINGLE,134,Upperclass,
SCULLY,418,SINGLE,134,Upperclass,
SCULLY,420,SINGLE,134,Upperclass,
SCULLY,422,SINGLE,134,Upperclass,
SCULLY,430,SINGLE,134,Upperclass,
SCULLY,433,SINGLE,134,Upperclass,
SCULLY,434,SINGLE,134,Upperclass,
SCULLY,435,SINGLE,134,Upperclass,
SCULLY,436,SINGLE,134,Upperclass,
SCULLY,438,SINGLE,134,Upperclass,
SCULLY,440,SINGLE,134,Upperclass,
SCULLY,442,SINGLE,134,Upperclass,
SCULLY,444,SINGLE,134,Upperclass,
SCULLY,446,SINGLE,134,Upperclass,
SCULLY,447,SINGLE,134,Upperclass,
SCULLY,448,SINGLE,134,Upperclass,
SPELMAN,13,QUAD,930,Upperclass,
SPELMAN,14,QUAD,930,Upperclass,
SPELMAN,16,QUAD,930,Upperclass,
SPELMAN,17,QUAD,930,Upperclass,
SPELMAN,22,QUAD,930,Upperclass,
SPELMAN,25,QUAD,930,Upperclass,
SPELMAN,26,QUAD,930,Upperclass,
SPELMAN,32,QUAD,930,Upperclass,
SPELMAN,34,QUAD,930,Upperclass,
SPELMAN,35,QUAD,930,Upperclass,
SPELMAN,36,QUAD,930,Upperclass,
SPELMAN,37,QUAD,930,Upperclass,
SPELMAN,38,QUAD,930,Upperclass,
SPELMAN,41,QUAD,930,Upperclass,
SPELMAN,43,QUAD,930,Upperclass,
SPELMAN,45,QUAD,930,Upperclass,
SPELMAN,47,QUAD,930,Upperclass,
SPELMAN,48,QUAD,930,Upperclass,
SPELMAN,51,QUAD,930,Upperclass,
SPELMAN,52,QUAD,930,Upperclass,
SPELMAN,53,QUAD,930,Upperclass,
SPELMAN,54,QUAD,930,Upperclass,
SPELMAN,55,QUAD,930,Upperclass,
SPELMAN,61,QUAD,930,Upperclass,
SPELMAN,63,QUAD,930,Upperclass,
SPELMAN,64,QUAD,930,Upperclass,
SPELMAN,65,QUAD,930,Upperclass,
SPELMAN,66,QUAD,930,Upperclass,
SPELMAN,67,QUAD,930,Upperclass,
SPELMAN,68,QUAD,930,Upperclass,
SPELMAN,71,QUAD,930,Upperclass,
SPELMAN,74,QUAD,930,Upperclass,
SPELMAN,76,QUAD,930,Upperclass,
SPELMAN,77,QUAD,930,Upperclass,
SPELMAN,78,QUAD,930,Upperclass,
SPELMAN,81,QUAD,930,Upperclass,
SPELMAN,82,QUAD,930,Upperclass,
SPELMAN,83,QUAD,930,Upperclass,
SPELMAN,84,QUAD,930,Upperclass,
SPELMAN,85,QUAD,930,Upperclass,
SPELMAN,86,QUAD,930,Upperclass,
WALKER,121,SINGLE,177,First,
WALKER,213,SINGLE,157,First,
WALKER,223,SINGLE,152,First,
WALKER,231,QUAD,701,First,
WALKER,301,DOUBLE,246,First,
WALKER,302,DOUBLE,186,First,
WALKER,303,DOUBLE,185,First,
WALKER,304,SINGLE,183,First,
WALKER,305,DOUBLE,186,First,
WALKER,312,QUAD,476,First,
WALKER,313,SINGLE,146,First,
WALKER,319,SINGLE,176,First,
WALKER,331,QUAD,755,First,
WALKER,332,DOUBLE,275,First,
WALKER,333,DOUBLE,201,First,
WENDELL,B204,SINGLE,139,Whitman,
WENDELL,B205,SINGLE,113,Whitman,
WENDELL,B210,SINGLE,147,Whitman,
WENDELL,B212,SINGLE,152,Whitman,
WENDELL,B308,SINGLE,175,Whitman,
WENDELL,B309,QUAD,512,Whitman,
WENDELL,B310,SINGLE,148,Whitman,
WENDELL,B312,SINGLE,152,Whitman,
WENDELL,B314,QUAD,484,Whitman,
WENDELL,B315,QUAD,484,Whitman,
WENDELL,B407,SINGLE,206,Whitman,
WENDELL,B408,SINGLE,167,Whitman,
WENDELL,B409,SINGLE,152,Whitman,
WENDELL,B410,SINGLE,133,Whitman,
WENDELL,B411,DOUBLE,208,Whitman,
WENDELL,B412,SINGLE,131,Whitman,
WENDELL,B414,SINGLE,137,Whitman,
WENDELL,B415,DOUBLE,201,Whitman,
WENDELL,B416,SINGLE,134,Whitman,
WENDELL,B417,SINGLE,153,Whitman,
WENDELL,B418,SINGLE,140,Whitman,
WENDELL,B419,SINGLE,152,Whitman,
WENDELL,B420,SINGLE,134,Whitman,
WENDELL,B422,SINGLE,131,Whitman,
WENDELL,B426,SINGLE,150,Whitman,
WENDELL,B428,SINGLE,130,Whitman,
WENDELL,C204,QUAD,450,Whitman,
WENDELL,C206,SINGLE,143,Whitman,
WENDELL,C207,SINGLE,146,Whitman,
WENDELL,C208,SINGLE,149,Whitman,
WENDELL,C209,SINGLE,146,Whitman,
WENDELL,C210,SINGLE,150,Whitman,
WENDELL,C211,SINGLE,147,Whitman,
WENDELL,C212,SINGLE,149,Whitman,
WENDELL,C213,SINGLE,146,Whitman,
WENDELL,C214,SINGLE,149,Whitman,
WENDELL,C215,SINGLE,147,Whitman,
WENDELL,C216,SINGLE,138,Whitman,
WENDELL,C217,SINGLE,143,Whitman,
WILF,E102,SINGLE,132,Butler,
WILF,E104,SINGLE,142,Butler,
WILF,E105,SINGLE,142,Butler,
WILF,E106,SINGLE,139,Butler,
WILF,E107,SINGLE,138,Butler,
WILF,E201,SINGLE,137,Butler,
WILF,E203,SINGLE,128,Butler,
WILF,E206,SINGLE,139,Butler,
WILF,E208,SINGLE,135,Butler,
WILF,E301,SINGLE,137,Butler,
WILF,E302,QUAD,580,Butler,
WILF,E303,SINGLE,128,Butler,
WILF,E305,QUAD,580,Butler,
WILF,E306,SINGLE,139,Butler,
WILF,E308,SINGLE,140,Butler,
WILF,E401,SINGLE,137,Upperclass,Independent
WILF,E402,QUAD,580,Upperclass,Independent
WILF,E403,SINGLE,128,Upperclass,Independent
WILF,E405,QUAD,580,Upperclass,Independent
WITHERSPOON,6,SINGLE,169,Rockefeller,
WITHERSPOON,12,SINGLE,109,Rockefeller,
WITHERSPOON,101,DOUBLE,244,Rockefeller,
WITHERSPOON,102,SINGLE,119,Rockefeller,
WITHERSPOON,104,QUAD,593,Rockefeller,
WITHERSPOON,105,DOUBLE,190,Rockefeller,
WITHERSPOON,106,DOUBLE,172,Rockefeller,
WITHERSPOON,114,SINGLE,107,Rockefeller,
WITHERSPOON,115,DOUBLE,190,Rockefeller,
WITHERSPOON,117,QUAD,610,Rockefeller,
WITHERSPOON,121,SINGLE,115,Rockefeller,
WITHERSPOON,122,DOUBLE,243,Rockefeller,
WITHERSPOON,201,QUAD,510,Rockefeller,
WITHERSPOON,217,QUAD,618,Rockefeller,
WITHERSPOON,303,QUAD,650,Rockefeller,
WITHERSPOON,306,SINGLE,113,Rockefeller,
WITHERSPOON,310,SINGLE,112,Rockefeller,
WITHERSPOON,312,SINGLE,116,Rockefeller,
WITHERSPOON,317,QUAD,654,Rockefeller,
WITHERSPOON,403,QUAD,650,Rockefeller,
WITHERSPOON,501,QUAD,532,Rockefeller,
WITHERSPOON,503,QUAD,657,Rockefeller,
WITHERSPOON,504,DOUBLE,197,Rockefeller,
WITHERSPOON,505,DOUBLE,233,Rockefeller,
WITHERSPOON,506,SINGLE,117,Rockefeller,
WITHERSPOON,509,DOUBLE,224,Rockefeller,
WITHERSPOON,510,SINGLE,116,Rockefeller,
WITHERSPOON,515,DOUBLE,227,Rockefeller,
WITHERSPOON,517,QUAD,665,Rockefeller,
WRIGHT,10,TRIPLE,448,Upperclass,
WRIGHT,11,TRIPLE,448,Upperclass,
WRIGHT,20,TRIPLE,435,Upperclass,
WRIGHT,21,DOUBLE,238,Upperclass,
WRIGHT,31,TRIPLE,425,Upperclass,
WRIGHT,32,TRIPLE,459,Upperclass,
WRIGHT,301,QUAD,632,Upperclass,
WRIGHT,304,DOUBLE,319,Upperclass,
WRIGHT,305,SINGLE,149,Upperclass,
WRIGHT,306,DOUBLE,423,Upperclass,
WRIGHT,401,DOUBLE,433,Upperclass,
WRIGHT,402,SINGLE,193,Upperclass,
WRIGHT,403,SINGLE,174,Upperclass,
WRIGHT,406,SINGLE,179,Upperclass,
WRIGHT,407,TRIPLE,429,Upperclass,
YOSELOFF,A107,SINGLE,139,Butler,
YOSELOFF,A113,QUAD,653,Butler,
YOSELOFF,A115,QUAD,522,Butler,
YOSELOFF,A202,QUAD,580,Butler,
YOSELOFF,A203,QUAD,580,Butler,
YOSELOFF,A205,SINGLE,138,Butler,
YOSELOFF,A207,SINGLE,139,Butler,
YOSELOFF,A208,QUAD,580,Butler,
YOSELOFF,A211,SINGLE,343,Butler,
YOSELOFF,A213,QUAD,580,Butler,
